molid,CS
53239988,0.25
25210971,0.25
25210972,0.25
25211574,0.25
6539440,0.3
57398148,0.33333333333333304
56604049,0.3571428571428571
6603857,0.375
6539409,0.38888888888888895
6539430,0.4
25218621,0.409090909090909
25218593,0.4166666666666671
44581245,0.42307692307692296
6539411,0.44642857142857106
6539414,0.46666666666666706
57390087,0.484375
21701565,0.5
57401574,0.513888888888889
57398151,0.526315789473684
57394601,0.5375
57398152,0.547619047619048
56603975,0.556818181818182
57399800,0.565217391304348
57391094,0.572916666666667
57403319,0.58
57398153,0.586538461538462
57391095,0.592592592592593
57391097,0.598214285714286
56603973,0.603448275862069
57398154,0.608333333333333
9917474,0.6129032258064521
22609796,0.6171875
6539422,0.621212121212121
44581222,0.625
25263274,0.628571428571429
44571414,0.631944444444444
25218584,0.635135135135135
11284937,0.638157894736842
11307581,0.641025641025641
44571435,0.64375
11273032,0.646341463414634
25218571,0.648809523809524
44532523,0.6511627906976739
22727427,0.653409090909091
44532204,0.655555555555556
6539592,0.66304347826087
6539600,0.6702127659574469
6539599,0.677083333333333
6539597,0.683673469387755
6539620,0.69
6539617,0.696078431372549
11959377,0.701923076923077
11959682,0.7075471698113209
11959683,0.712962962962963
15872400,0.718181818181818
15872391,0.7232142857142858
15872404,0.7280701754385971
9885504,0.7327586206896551
16219401,0.73728813559322
6539453,0.741666666666667
6539521,0.745901639344262
448008,0.75
6539482,0.7539682539682541
6539478,0.7578125
6539502,0.761538461538461
6539466,0.765151515151515
44386338,0.76865671641791
5329853,0.772058823529412
9827373,0.7753623188405799
53239985,0.7785714285714291
53239984,0.7816901408450699
15872408,0.7847222222222221
6518526,0.787671232876712
56604006,0.790540540540541
53239978,0.793333333333333
5329860,0.796052631578947
56667992,0.7987012987012991
53239955,0.8012820512820509
56681565,0.80379746835443
9944269,0.80625
9926067,0.8086419753086421
9858662,0.8109756097560981
9901444,0.8132530120481931
11244488,0.81547619047619
11392350,0.8176470588235291
11231939,0.8197674418604649
56604005,0.8218390804597699
56603995,0.8238636363636359
56604013,0.8258426966292142
25263120,0.827777777777778
25263123,0.8296703296703299
25263124,0.831521739130435
16051023,0.833333333333333
56667993,0.8351063829787231
56657596,0.8368421052631579
24949545,0.838541666666667
5329857,0.8402061855670101
5329861,0.841836734693878
9922527,0.8434343434343431
6539751,0.845
6539382,0.846534653465347
449054,0.848039215686274
44397010,0.8495145631067959
6539418,0.850961538461538
44397250,0.8523809523809521
6539361,0.85377358490566
44397201,0.8551401869158879
11680113,0.8564814814814821
5034,0.8577981651376151
10215776,0.859090909090909
44396990,0.86036036036036
6539439,0.861607142857143
44397453,0.86283185840708
5329829,0.864035087719298
6539390,0.8652173913043479
10133732,0.8663793103448281
6539417,0.867521367521368
6539413,0.86864406779661
22464120,0.8697478991596641
6539424,0.870833333333333
44397032,0.871900826446281
5329831,0.872950819672131
6539397,0.873983739837398
57400544,0.875
16236469,0.8759999999999999
57400541,0.876984126984127
57400545,0.8779527559055121
57398861,0.87890625
56603980,0.8798449612403101
57391875,0.880769230769231
57393604,0.8816793893129771
57400542,0.8825757575757579
57398867,0.8834586466165408
57398866,0.884328358208955
57395317,0.8851851851851851
57395310,0.886029411764706
57398144,0.886861313868613
57398145,0.88768115942029
57391091,0.8884892086330941
57403316,0.8892857142857141
57398146,0.8900709219858159
57394599,0.8908450704225351
56604030,0.8916083916083921
57399798,0.8923611111111109
57398147,0.8931034482758621
57396350,0.8938356164383559
57401572,0.894557823129252
57396351,0.89527027027027
57396352,0.8959731543624159
57391092,0.8966666666666671
57399799,0.8973509933774829
57403317,0.8980263157894741
56603966,0.898692810457516
57401573,0.8993506493506491
57394600,0.9
57403318,0.9006410256410259
57392873,0.9012738853503179
57398149,0.901898734177215
57396353,0.9025157232704399
57398150,0.903125
57391093,0.903726708074534
57394602,0.9043209876543209
6539099,0.904907975460123
6539097,0.905487804878049
57399801,0.9060606060606059
56604024,0.906626506024096
56603997,0.907185628742515
9947709,0.9077380952380949
56604000,0.908284023668639
10272700,0.908823529411765
56603987,0.9093567251461991
57403320,0.9098837209302328
57399802,0.910404624277457
57399803,0.910919540229885
57399804,0.9114285714285709
57399805,0.911931818181818
57401575,0.9124293785310731
44397710,0.912921348314607
5329868,0.9134078212290501
5329849,0.9138888888888891
5329850,0.9143646408839781
5329801,0.914835164835165
9901964,0.9153005464480871
9604915,0.9157608695652171
11604319,0.916216216216216
11627264,0.916666666666667
11656050,0.917112299465241
11669455,0.9175531914893621
9604912,0.9179894179894179
70682205,0.918421052631579
70696859,0.9188481675392671
11717091,0.919270833333333
11605761,0.919689119170985
44410704,0.920103092783505
10294883,0.9205128205128209
21951965,0.9209183673469391
44418540,0.921319796954315
11453116,0.9217171717171719
44418539,0.9221105527638191
44418572,0.9225
44418555,0.9228855721393029
44418556,0.9232673267326729
44418532,0.923645320197044
44418533,0.9240196078431371
16099859,0.9243902439024391
11957417,0.9247572815533979
25190921,0.92512077294686
16048194,0.9254807692307689
16048415,0.9258373205741629
25190924,0.926190476190476
16048303,0.9265402843601899
16664858,0.9268867924528299
766949,0.9272300469483571
44431824,0.9275700934579441
766948,0.927906976744186
9927432,0.9282407407407409
24180608,0.9285714285714292
44433173,0.928899082568807
11281930,0.929223744292237
10160775,0.929545454545455
10113568,0.9298642533936651
24896610,0.9301801801801801
25093474,0.930493273542601
6539574,0.9308035714285708
6539584,0.9311111111111109
6539603,0.9314159292035401
11617559,0.931718061674009
44418547,0.932017543859649
453216,0.932314410480349
9951300,0.9326086956521741
25190926,0.9329004329004329
9910722,0.933189655172414
6539049,0.933476394849785
10158653,0.9337606837606841
6539047,0.934042553191489
10200651,0.934322033898305
6539056,0.9345991561181429
6539093,0.9348739495798319
5793317,0.935146443514644
6539086,0.935416666666667
6539085,0.935684647302905
6539087,0.935950413223141
6539075,0.936213991769547
15872403,0.9364754098360659
9800117,0.9367346938775509
18536627,0.9369918699186991
18536613,0.9372469635627529
5329855,0.9375
15872407,0.9377510040160641
9890357,0.938
15872388,0.9382470119521908
9604958,0.9384920634920629
9604940,0.938735177865613
9604911,0.938976377952756
5329404,0.93921568627451
17892742,0.939453125
44329036,0.939688715953307
6539451,0.939922480620155
6539522,0.9401544401544399
6539487,0.940384615384615
6539364,0.9406130268199229
11290221,0.9408396946564891
6539369,0.94106463878327
44397147,0.941287878787879
6539385,0.941509433962264
599038,0.941729323308271
11473228,0.9419475655430709
5329875,0.942164179104478
5329802,0.9423791821561341
44418545,0.942592592592593
11247002,0.94280442804428
11502866,0.943014705882353
11640889,0.943223443223443
9858084,0.943430656934307
11233873,0.943636363636364
9873849,0.943840579710145
44418546,0.9440433212996391
23646936,0.9442446043165471
579429,0.944444444444444
44433171,0.944642857142857
10295475,0.944839857651246
6539593,0.945035460992908
6539046,0.9452296819787991
6539598,0.945422535211268
6539611,0.9456140350877191
6539567,0.9458041958041958
6539089,0.945993031358885
15872406,0.946180555555556
15872409,0.9463667820069199
6539607,0.9465517241379309
10236195,0.9467353951890028
11751266,0.946917808219178
6539412,0.947098976109215
10321190,0.947278911564626
11269477,0.947457627118644
9604970,0.9476351351351351
5329854,0.947811447811448
10286242,0.9479865771812079
44581765,0.948160535117057
25218573,0.948333333333333
25263114,0.948504983388704
25263110,0.9486754966887421
25263099,0.9488448844884491
44571449,0.9490131578947372
24856364,0.949180327868852
44578672,0.949346405228758
44593640,0.949511400651466
44578253,0.949675324675325
44578254,0.9498381877022651
44578563,0.95
9822610,0.9501607717041801
25263087,0.950320512820513
25263103,0.950479233226837
25263088,0.9506369426751591
25263116,0.9507936507936509
42618163,0.9509493670886079
42618164,0.951104100946372
11569498,0.9512578616352199
9857146,0.9514106583072099
44589696,0.9515625
25263118,0.951713395638629
10193464,0.9518633540372671
10469531,0.9520123839009291
44587530,0.952160493827161
25023715,0.952307692307692
44571453,0.952453987730061
10125875,0.952599388379205
25263092,0.952743902439024
9826308,0.9528875379939209
25263078,0.953030303030303
44578425,0.953172205438066
44578255,0.9533132530120481
44578401,0.953453453453453
5329489,0.9535928143712579
25263083,0.953731343283582
25263115,0.9538690476190479
11155941,0.954005934718101
11328632,0.95414201183432
25263117,0.9542772861356931
25263119,0.9544117647058821
10171618,0.954545454545455
10193482,0.9546783625730991
56604044,0.954810495626822
9604943,0.9549418604651159
56604020,0.9550724637681159
9604948,0.9552023121387281
9604926,0.955331412103746
9604922,0.955459770114943
22464113,0.955587392550143
10475737,0.9557142857142858
